<?xml version="1.0" encoding="UTF-8"?>
<project-private xmlns="http://www.netbeans.org/ns/project-private/1">
    <editor-bookmarks xmlns="http://www.netbeans.org/ns/editor-bookmarks/2" lastBookmarkId="0"/>
    <open-files xmlns="http://www.netbeans.org/ns/projectui-open-files/2">
        <group>
            <file>file:/C:/Users/STEFGVXDS/Documents/MEINEDOKUMENTE/SGANX2/EAP/24/Arbeit/3/2)%20%20Zum%20Abgeben/2022_PLH24_OMADA_6/src/Forms/StartFrame.java</file>
            <file>file:/C:/Users/STEFGVXDS/Documents/MEINEDOKUMENTE/SGANX2/EAP/24/Arbeit/3/2)%20%20Zum%20Abgeben/2022_PLH24_OMADA_6/src/Forms/jokerDataManagementR5.java</file>
        </group>
    </open-files>
</project-private>
